{"x":0.11620747298002243,"y":0.729999840259552,"z":-0.16277536749839784,"rotation":{"x":0.0,"y":0.0,"z":0.0,"w":1.0},"MarkingIndex":4}
{"x":0.11620747298002243,"y":0.729999840259552,"z":-0.16277536749839784,"rotation":{"x":0.0,"y":0.0,"z":0.0,"w":1.0},"MarkingIndex":4}
{"x":0.11620747298002243,"y":0.729999840259552,"z":-0.16277536749839784,"rotation":{"x":0.0,"y":0.0,"z":0.0,"w":1.0},"MarkingIndex":4}
{"x":0.11620747298002243,"y":0.729999840259552,"z":-0.16277536749839784,"rotation":{"x":0.0,"y":0.0,"z":0.0,"w":1.0},"MarkingIndex":4}
{"x":0.11620747298002243,"y":0.729999840259552,"z":-0.16277536749839784,"rotation":{"x":0.0,"y":0.0,"z":0.0,"w":1.0},"MarkingIndex":4}
{"x":0.11620745062828064,"y":0.729999840259552,"z":-0.16277538239955903,"rotation":{"x":0.0,"y":0.0,"z":0.0,"w":1.0},"MarkingIndex":4}
{"x":-0.0968831330537796,"y":0.500999927520752,"z":-1.814199686050415,"rotation":{"x":0.0,"y":0.0,"z":0.0,"w":1.0},"MarkingIndex":4}
{"x":-1.0839625597000123,"y":0.5009998679161072,"z":4.670049667358398,"rotation":{"x":0.0,"y":0.0,"z":0.0,"w":1.0},"MarkingIndex":4}
{"x":-1.0563068389892579,"y":0.5009996891021729,"z":4.7371344566345219,"rotation":{"x":0.0,"y":0.0,"z":0.0,"w":1.0},"MarkingIndex":4}
{"x":-1.0237302780151368,"y":0.5009996294975281,"z":4.82676362991333,"rotation":{"x":0.0,"y":0.0,"z":0.0,"w":1.0},"MarkingIndex":4}
{"x":45.54444122314453,"y":-8.231091499328614,"z":10.226058959960938,"rotation":{"x":0.0,"y":0.0,"z":0.0,"w":1.0},"MarkingIndex":4}
{"x":45.578948974609378,"y":-8.64919376373291,"z":10.223748207092286,"rotation":{"x":0.0,"y":0.0,"z":0.0,"w":1.0},"MarkingIndex":4}
