{"x":0.3985564410686493,"y":2.5089948177337648,"z":3.9700002670288088}