{"x":0.4130745232105255,"y":0.500999927520752,"z":1.181111216545105,"rotation":{"x":0.0,"y":0.0,"z":0.0,"w":1.0},"MarkingIndex":4}
{"x":48.01405715942383,"y":0.4007953405380249,"z":4.999609470367432,"rotation":{"x":0.0,"y":0.0,"z":0.0,"w":1.0},"MarkingIndex":4}
{"x":48.01078796386719,"y":0.28307488560676577,"z":4.999708652496338,"rotation":{"x":0.0,"y":0.0,"z":0.0,"w":1.0},"MarkingIndex":4}
{"x":48.0,"y":-0.37341374158859255,"z":5.0,"rotation":{"x":0.0,"y":0.0,"z":0.0,"w":1.0},"MarkingIndex":4}
{"x":48.05840301513672,"y":-0.09918729960918427,"z":4.996926307678223,"rotation":{"x":0.0,"y":0.0,"z":0.0,"w":1.0},"MarkingIndex":4}
{"x":48.0277099609375,"y":-0.12803079187870027,"z":4.996700763702393,"rotation":{"x":0.0,"y":0.0,"z":0.0,"w":1.0},"MarkingIndex":4}
{"x":49.606815338134769,"y":-14.719629287719727,"z":3.10011625289917,"rotation":{"x":0.0,"y":0.0,"z":0.0,"w":1.0},"MarkingIndex":4}
{"x":48.02449417114258,"y":-0.34402137994766238,"z":5.0,"rotation":{"x":0.0,"y":0.0,"z":0.0,"w":1.0},"MarkingIndex":4}
{"x":48.02341842651367,"y":-0.50611811876297,"z":4.998286247253418,"rotation":{"x":0.0,"y":0.0,"z":0.0,"w":1.0},"MarkingIndex":4}
{"x":48.00714874267578,"y":-2.628878593444824,"z":4.999059200286865,"rotation":{"x":0.0,"y":0.0,"z":0.0,"w":1.0},"MarkingIndex":4}
{"x":0.009654548019170761,"y":0.5009999871253967,"z":1.613547682762146,"rotation":{"x":0.0,"y":0.0,"z":0.0,"w":1.0},"MarkingIndex":4}
{"x":0.3813329041004181,"y":0.500999927520752,"z":1.2017160654067994,"rotation":{"x":0.0,"y":0.0,"z":0.0,"w":1.0},"MarkingIndex":4}
{"x":1.1323562860488892,"y":0.500999927520752,"z":1.2482702732086182,"rotation":{"x":0.0,"y":0.0,"z":0.0,"w":1.0},"MarkingIndex":4}
{"x":1.4606187343597413,"y":0.500999927520752,"z":1.7862544059753419,"rotation":{"x":0.0,"y":0.0,"z":0.0,"w":1.0},"MarkingIndex":4}
{"x":0.3273780345916748,"y":0.5010001063346863,"z":1.2289526462554932,"rotation":{"x":0.0,"y":0.0,"z":0.0,"w":1.0},"MarkingIndex":4}
{"x":0.30652469396591189,"y":0.5010000467300415,"z":1.245591163635254,"rotation":{"x":0.0,"y":0.0,"z":0.0,"w":1.0},"MarkingIndex":4}
{"x":0.4835287630558014,"y":0.500999927520752,"z":1.1532045602798463,"rotation":{"x":0.0,"y":0.0,"z":0.0,"w":1.0},"MarkingIndex":4}
{"x":0.2418365180492401,"y":0.500999927520752,"z":1.2922673225402833,"rotation":{"x":0.0,"y":0.0,"z":0.0,"w":1.0},"MarkingIndex":4}
{"x":0.2592373490333557,"y":0.500999927520752,"z":1.271048903465271,"rotation":{"x":0.0,"y":0.0,"z":0.0,"w":1.0},"MarkingIndex":4}
{"x":0.288830041885376,"y":0.5009999871253967,"z":2.489333391189575,"rotation":{"x":0.0,"y":0.0,"z":0.0,"w":1.0},"MarkingIndex":4}
{"x":1.1219688653945923,"y":0.500999927520752,"z":2.5036919116973879,"rotation":{"x":0.0,"y":0.0,"z":0.0,"w":1.0},"MarkingIndex":4}
{"x":0.3890528678894043,"y":0.500999927520752,"z":1.1950050592422486,"rotation":{"x":0.0,"y":0.0,"z":0.0,"w":1.0},"MarkingIndex":4}
{"x":0.10282524675130844,"y":0.500999927520752,"z":1.44394052028656,"rotation":{"x":0.0,"y":0.0,"z":0.0,"w":1.0},"MarkingIndex":4}
{"x":0.37574902176856997,"y":0.5009999871253967,"z":1.2021733522415162,"rotation":{"x":0.0,"y":0.0,"z":0.0,"w":1.0},"MarkingIndex":4}
{"x":0.48734134435653689,"y":0.5009999871253967,"z":1.1539950370788575,"rotation":{"x":0.0,"y":0.0,"z":0.0,"w":1.0},"MarkingIndex":4}
{"x":0.3339046239852905,"y":0.500999927520752,"z":1.225123405456543,"rotation":{"x":0.0,"y":0.0,"z":0.0,"w":1.0},"MarkingIndex":4}
{"x":0.410368412733078,"y":0.5002177357673645,"z":1.1836060285568238,"rotation":{"x":0.0,"y":0.0,"z":0.0,"w":1.0},"MarkingIndex":4}
{"x":0.3669430613517761,"y":0.5009999871253967,"z":1.2019675970077515,"rotation":{"x":0.0,"y":0.0,"z":0.0,"w":1.0},"MarkingIndex":4}
{"x":0.22016245126724244,"y":0.5009999871253967,"z":1.3109610080718995,"rotation":{"x":0.0,"y":0.0,"z":0.0,"w":1.0},"MarkingIndex":4}
{"x":0.478037565946579,"y":0.5009999871253967,"z":1.156404733657837,"rotation":{"x":0.0,"y":0.0,"z":0.0,"w":1.0},"MarkingIndex":4}
{"x":0.3459862768650055,"y":0.5009999871253967,"z":2.712143898010254,"rotation":{"x":0.0,"y":0.0,"z":0.0,"w":1.0},"MarkingIndex":4}

{"x":34.188018798828128,"y":-1.2000662088394166,"z":6.105885028839111,"rotation":{"x":0.0,"y":0.0,"z":0.0,"w":1.0},"MarkingIndex":4}
{"x":48.10779571533203,"y":0.583904504776001,"z":4.538559913635254,"rotation":{"x":-0.05667686462402344,"y":0.8592195510864258,"z":0.09758999943733216,"w":0.49900469183921816},"MarkingIndex":0}
{"x":45.59306716918945,"y":0.0010000000474974514,"z":6.103335857391357,"rotation":{"x":0.0,"y":0.0,"z":0.0,"w":1.0},"MarkingIndex":4}
{"x":39.86899948120117,"y":0.001000029849819839,"z":5.064059734344482,"rotation":{"x":0.0,"y":0.0,"z":0.0,"w":1.0},"MarkingIndex":4}
{"x":40.80360412597656,"y":0.0009998808382079006,"z":5.018741130828857,"rotation":{"x":0.0,"y":0.0,"z":0.0,"w":1.0},"MarkingIndex":4}
{"x":30.71907615661621,"y":0.0010000000474974514,"z":11.853751182556153,"rotation":{"x":0.0,"y":0.0,"z":0.0,"w":1.0},"MarkingIndex":4}
{"x":31.560497283935548,"y":0.32384854555130007,"z":12.21617317199707,"rotation":{"x":0.0,"y":0.0,"z":0.0,"w":1.0},"MarkingIndex":4}
{"x":30.813716888427736,"y":0.000999940442852676,"z":17.588842391967775,"rotation":{"x":0.0,"y":0.0,"z":0.0,"w":1.0},"MarkingIndex":4}
{"x":21.690576553344728,"y":0.0009999702451750637,"z":14.207300186157227,"rotation":{"x":0.0,"y":0.0,"z":0.0,"w":1.0},"MarkingIndex":4}
{"x":10.324277877807618,"y":0.0010000000474974514,"z":9.311416625976563,"rotation":{"x":0.0,"y":0.0,"z":0.0,"w":1.0},"MarkingIndex":4}
{"x":33.54755783081055,"y":0.0011082420824095607,"z":11.162734985351563,"rotation":{"x":0.0,"y":0.0,"z":0.0,"w":1.0},"MarkingIndex":4}
{"x":-2.3845593943860878e-8,"y":0.9299998879432678,"z":0.0,"rotation":{"x":0.0,"y":0.0,"z":0.0,"w":1.0},"MarkingIndex":4}
{"x":48.900001525878909,"y":0.0010000000474974514,"z":4.730000019073486,"rotation":{"x":0.0,"y":0.0,"z":0.0,"w":1.0},"MarkingIndex":4}
{"x":33.35840606689453,"y":0.0009946952341124416,"z":11.740496635437012,"rotation":{"x":0.0,"y":0.0,"z":0.0,"w":1.0},"MarkingIndex":4}
{"x":43.004417419433597,"y":0.0010000000474974514,"z":9.616172790527344,"rotation":{"x":0.0,"y":0.0,"z":0.0,"w":1.0},"MarkingIndex":4}
