{"x":23.206052780151368,"y":1.3334311246871949,"z":7.661341667175293,"rotation":{"x":-0.017616093158721925,"y":0.7068873643875122,"z":0.017616093158721925,"w":0.7068873047828674},"MarkingIndex":1}
{"x":23.312334060668947,"y":1.207485556602478,"z":7.3528313636779789,"rotation":{"x":-0.017616093158721925,"y":0.7068873643875122,"z":0.017616093158721925,"w":0.7068873047828674},"MarkingIndex":0}
{"x":30.01114845275879,"y":0.5009999871253967,"z":17.41686248779297,"rotation":{"x":0.0,"y":0.0,"z":0.0,"w":1.0},"MarkingIndex":4}
{"x":26.776077270507814,"y":0.49994057416915896,"z":15.588515281677246,"rotation":{"x":0.0,"y":0.0,"z":0.0,"w":1.0},"MarkingIndex":4}
{"x":11.294158935546875,"y":0.5010000467300415,"z":27.390369415283204,"rotation":{"x":0.0,"y":0.0,"z":0.0,"w":1.0},"MarkingIndex":4}
