{"x":0.4130745232105255,"y":0.500999927520752,"z":1.181111216545105,"rotation":{"x":0.0,"y":0.0,"z":0.0,"w":1.0},"MarkingIndex":4}
{"x":45.241458892822269,"y":-0.3255586624145508,"z":10.288307189941407,"rotation":{"x":0.0,"y":0.0,"z":0.0,"w":1.0},"MarkingIndex":4}
{"x":45.08387756347656,"y":-0.2956838607788086,"z":9.708794593811036,"rotation":{"x":0.0,"y":0.0,"z":0.0,"w":1.0},"MarkingIndex":4}
