{"x":0.4130745232105255,"y":0.500999927520752,"z":1.181111216545105,"rotation":{"x":0.0,"y":0.0,"z":0.0,"w":1.0},"MarkingIndex":4}
{"x":48.01405715942383,"y":0.4007953405380249,"z":4.999609470367432,"rotation":{"x":0.0,"y":0.0,"z":0.0,"w":1.0},"MarkingIndex":4}
