{"x":-0.498426228761673,"y":1.6652159690856934,"z":4.070000171661377,"rotation":{"x":0.0,"y":1.0,"z":0.0,"w":0.0},"MarkingIndex":2}
{"x":0.1182951033115387,"y":2.278399705886841,"z":3.9700002670288088,"rotation":{"x":0.0,"y":1.0,"z":0.0,"w":0.0},"MarkingIndex":2}
{"x":0.3841722905635834,"y":2.3804874420166017,"z":3.869959592819214,"rotation":{"x":-4.344425930113971e-10,"y":1.0,"z":0.00001585341669851914,"w":0.000027403719286667183},"MarkingIndex":2}
{"x":0.8559331893920898,"y":1.6622626781463624,"z":3.9700002670288088,"rotation":{"x":0.0,"y":1.0,"z":0.0,"w":0.0},"MarkingIndex":2}
{"x":0.5772747993469238,"y":1.7130672931671143,"z":3.8699593544006349,"rotation":{"x":2.2520614539889295e-10,"y":1.0,"z":0.000005488065653480589,"w":-0.00004103561514057219},"MarkingIndex":2}
