{"x":23.206052780151368,"y":1.3334311246871949,"z":7.661341667175293,"rotation":{"x":-0.017616093158721925,"y":0.7068873643875122,"z":0.017616093158721925,"w":0.7068873047828674},"MarkingIndex":1}
{"x":23.312334060668947,"y":1.207485556602478,"z":7.3528313636779789,"rotation":{"x":-0.017616093158721925,"y":0.7068873643875122,"z":0.017616093158721925,"w":0.7068873047828674},"MarkingIndex":0}