{"x":28.369874954223634,"y":0.5009999871253967,"z":16.199726104736329,"rotation":{"x":0.0,"y":0.0,"z":0.0,"w":1.0},"MarkingIndex":4}
{"x":15.300000190734864,"y":0.5010001063346863,"z":15.1899995803833,"rotation":{"x":0.0,"y":0.0,"z":0.0,"w":1.0},"MarkingIndex":4}
{"x":4.684530735015869,"y":0.5010000467300415,"z":20.542739868164064,"rotation":{"x":0.0,"y":0.0,"z":0.0,"w":1.0},"MarkingIndex":4}
