{"x":-0.11889476329088211,"y":0.5,"z":0.009048864245414734,"rotation":{"x":0.0,"y":0.0,"z":0.0,"w":1.0},"MarkingIndex":0}
