{"x":30.91771697998047,"y":1.1751691102981568,"z":10.631983757019043,"rotation":{"x":-0.028104225173592569,"y":0.0,"z":0.0,"w":0.9996050000190735},"MarkingIndex":2}
{"x":31.077600479125978,"y":0.9927927255630493,"z":10.642285346984864,"rotation":{"x":-0.028076916933059694,"y":0.00002823714203259442,"z":7.931245704639878e-7,"w":0.9996057748794556},"MarkingIndex":1}
{"x":31.28231430053711,"y":1.1327733993530274,"z":10.63438606262207,"rotation":{"x":-0.028084592893719674,"y":0.0001619613030925393,"z":0.00000455041254099342,"w":0.9996055364608765},"MarkingIndex":0}
