{"x":-0.498426228761673,"y":1.6652159690856934,"z":4.070000171661377,"rotation":{"x":0.0,"y":1.0,"z":0.0,"w":0.0},"MarkingIndex":2}
{"x":0.1182951033115387,"y":2.278399705886841,"z":3.9700002670288088,"rotation":{"x":0.0,"y":1.0,"z":0.0,"w":0.0},"MarkingIndex":2}
{"x":0.3841722905635834,"y":2.3804874420166017,"z":3.869959592819214,"rotation":{"x":-4.344425930113971e-10,"y":1.0,"z":0.00001585341669851914,"w":0.000027403719286667183},"MarkingIndex":2}
{"x":0.8559331893920898,"y":1.6622626781463624,"z":3.9700002670288088,"rotation":{"x":0.0,"y":1.0,"z":0.0,"w":0.0},"MarkingIndex":2}
{"x":0.5772747993469238,"y":1.7130672931671143,"z":3.8699593544006349,"rotation":{"x":2.2520614539889295e-10,"y":1.0,"z":0.000005488065653480589,"w":-0.00004103561514057219},"MarkingIndex":2}
{"x":46.66643524169922,"y":0.9917301535606384,"z":10.6824369430542,"rotation":{"x":-0.019002454355359079,"y":0.7068514227867127,"z":0.019002454355359079,"w":0.7068514227867127},"MarkingIndex":0}
{"x":46.56525802612305,"y":1.013671636581421,"z":8.183846473693848,"rotation":{"x":-0.019002454355359079,"y":0.7068514227867127,"z":0.019002454355359079,"w":0.7068514227867127},"MarkingIndex":2}
{"x":46.56610107421875,"y":0.9980102181434631,"z":6.873142242431641,"rotation":{"x":-0.019002454355359079,"y":0.7068514227867127,"z":0.019002454355359079,"w":0.7068514227867127},"MarkingIndex":2}
{"x":-4.019365310668945,"y":0.5,"z":2.3756871223449709,"rotation":{"x":-0.7071068286895752,"y":0.0,"z":0.0,"w":0.7071068286895752},"MarkingIndex":2}
{"x":-2.710043430328369,"y":1.5720205307006837,"z":3.9700002670288088,"rotation":{"x":0.0,"y":1.0,"z":0.0,"w":0.0},"MarkingIndex":2}
{"x":-2.4537837505340578,"y":0.5,"z":3.834717035293579,"rotation":{"x":-0.7071068286895752,"y":0.0,"z":0.0,"w":0.7071068286895752},"MarkingIndex":1}
{"x":-2.475794553756714,"y":0.5000302791595459,"z":3.946207046508789,"rotation":{"x":-0.706005334854126,"y":-0.036821577697992328,"z":-0.036806728690862659,"w":0.7062902450561523},"MarkingIndex":1}
{"x":-2.4842846393585207,"y":0.5000535845756531,"z":3.989213228225708,"rotation":{"x":-0.7044777870178223,"y":-0.0588168203830719,"z":-0.05878680944442749,"w":0.7048373818397522},"MarkingIndex":1}
{"x":-0.8757618069648743,"y":0.5474567413330078,"z":4.070000171661377,"rotation":{"x":0.0,"y":1.0,"z":0.0,"w":0.0},"MarkingIndex":1}
