{"x":8.600000381469727,"y":0.4782766103744507,"z":44.400001525878909,"rotation":{"x":0.0,"y":0.0,"z":0.0,"w":1.0},"MarkingIndex":4}
{"x":8.375746726989746,"y":0.5096038579940796,"z":44.682395935058597,"rotation":{"x":0.0,"y":0.0,"z":0.0,"w":1.0},"MarkingIndex":4}
{"x":8.849842071533204,"y":0.5015054941177368,"z":44.4063835144043,"rotation":{"x":0.0,"y":0.0,"z":0.0,"w":1.0},"MarkingIndex":4}
{"x":5.972412586212158,"y":0.5010047554969788,"z":6.582345008850098,"rotation":{"x":0.0,"y":0.0,"z":0.0,"w":1.0},"MarkingIndex":4}
{"x":4.0716552734375,"y":1.4337962865829468,"z":27.723114013671876,"rotation":{"x":-0.02030736580491066,"y":0.7068151235580444,"z":0.02030736580491066,"w":0.7068151831626892},"MarkingIndex":2}
{"x":4.057278633117676,"y":1.6837782859802247,"z":26.974626541137697,"rotation":{"x":-0.02030736580491066,"y":0.7068151235580444,"z":0.02030736580491066,"w":0.7068151831626892},"MarkingIndex":2}
{"x":5.723669528961182,"y":1.5569723844528199,"z":26.14803123474121,"rotation":{"x":-0.01643717847764492,"y":-0.7069157361984253,"z":-0.01643717847764492,"w":0.7069156765937805},"MarkingIndex":2}
{"x":7.728312969207764,"y":1.2831002473831177,"z":21.796972274780275,"rotation":{"x":-0.021745840087532998,"y":-0.7067723274230957,"z":-0.021745840087532998,"w":0.7067723274230957},"MarkingIndex":2}
{"x":4.178286075592041,"y":1.3184927701950074,"z":22.824296951293947,"rotation":{"x":-0.02030736580491066,"y":0.7068151235580444,"z":0.02030736580491066,"w":0.7068151831626892},"MarkingIndex":2}
{"x":7.783321380615234,"y":2.176178216934204,"z":22.233863830566408,"rotation":{"x":-0.021745840087532998,"y":-0.7067723274230957,"z":-0.021745840087532998,"w":0.7067723274230957},"MarkingIndex":1}
{"x":4.04387092590332,"y":1.9169259071350098,"z":22.434934616088868,"rotation":{"x":-0.02030736580491066,"y":0.7068151235580444,"z":0.02030736580491066,"w":0.7068151831626892},"MarkingIndex":0}
{"x":31.664493560791017,"y":1.7268073558807374,"z":41.75069808959961,"rotation":{"x":0.0,"y":0.9996939301490784,"z":0.024739718064665796,"w":0.0},"MarkingIndex":2}
{"x":46.0430908203125,"y":1.259380578994751,"z":36.36783218383789,"rotation":{"x":-0.014025978744029999,"y":-0.7069676518440247,"z":-0.014025978744029999,"w":0.7069676518440247},"MarkingIndex":2}
{"x":44.549842834472659,"y":1.4131001234054566,"z":37.33546447753906,"rotation":{"x":-0.020689407363533975,"y":0.7068040370941162,"z":0.020689407363533975,"w":0.7068040370941162},"MarkingIndex":2}
{"x":44.46432876586914,"y":2.3439817428588869,"z":37.199546813964847,"rotation":{"x":-0.037316013127565387,"y":0.7061214447021484,"z":0.037316013127565387,"w":0.7061214447021484},"MarkingIndex":1}
{"x":45.97161865234375,"y":1.9780006408691407,"z":37.06690216064453,"rotation":{"x":-0.014025978744029999,"y":-0.7069676518440247,"z":-0.014025978744029999,"w":0.7069676518440247},"MarkingIndex":0}
{"x":46.067256927490237,"y":1.8681508302688599,"z":6.957897663116455,"rotation":{"x":-0.014025978744029999,"y":-0.7069676518440247,"z":-0.014025978744029999,"w":0.7069676518440247},"MarkingIndex":1}
{"x":44.27570724487305,"y":1.742802619934082,"z":4.348618984222412,"rotation":{"x":-0.029237883165478708,"y":0.0,"z":0.0,"w":0.9995725154876709},"MarkingIndex":0}
{"x":38.147884368896487,"y":1.493920087814331,"z":5.3963823318481449,"rotation":{"x":-0.02028917893767357,"y":0.7068156599998474,"z":0.02028917893767357,"w":0.7068157196044922},"MarkingIndex":0}
{"x":34.27150344848633,"y":1.1505802869796754,"z":4.383294582366943,"rotation":{"x":-0.029237883165478708,"y":0.0,"z":0.0,"w":0.9995725154876709},"MarkingIndex":0}
{"x":35.44675827026367,"y":1.7142680883407593,"z":7.222929000854492,"rotation":{"x":-0.0196111798286438,"y":-0.7068347930908203,"z":-0.0196111798286438,"w":0.7068347930908203},"MarkingIndex":1}
{"x":43.80272674560547,"y":1.1711885929107667,"z":11.267863273620606,"rotation":{"x":-0.018057115375995637,"y":-0.7068762183189392,"z":-0.018057115375995637,"w":0.7068762183189392},"MarkingIndex":0}
{"x":33.20864486694336,"y":1.3047089576721192,"z":14.464208602905274,"rotation":{"x":-0.02314041741192341,"y":-0.7067281007766724,"z":-0.02314041741192341,"w":0.7067280411720276},"MarkingIndex":0}
{"x":27.89984130859375,"y":1.323893427848816,"z":14.22257137298584,"rotation":{"x":0.0,"y":0.9996541142463684,"z":0.02629985474050045,"w":0.0},"MarkingIndex":1}
{"x":36.12062454223633,"y":1.3433868885040284,"z":18.584754943847658,"rotation":{"x":0.0,"y":0.999679446220398,"z":0.025318607687950136,"w":0.0},"MarkingIndex":0}
{"x":34.41674041748047,"y":1.2757720947265626,"z":17.06749153137207,"rotation":{"x":-0.02598831057548523,"y":0.0,"z":0.0,"w":0.9996622800827026},"MarkingIndex":1}
{"x":41.799705505371097,"y":1.420113205909729,"z":29.895322799682618,"rotation":{"x":-0.028420019894838334,"y":-0.7065354585647583,"z":-0.028420019894838334,"w":0.7065354585647583},"MarkingIndex":0}
{"x":42.400203704833987,"y":2.2868566513061525,"z":38.12603759765625,"rotation":{"x":-0.057802218943834308,"y":0.0,"z":0.0,"w":0.9983280897140503},"MarkingIndex":2}
{"x":42.04142379760742,"y":1.7535474300384522,"z":39.69411087036133,"rotation":{"x":-0.0014734152937307954,"y":0.996100902557373,"z":0.016954610124230386,"w":0.08656467497348786},"MarkingIndex":2}
{"x":42.523704528808597,"y":1.5553596019744874,"z":38.19810104370117,"rotation":{"x":-0.02812890149652958,"y":0.0,"z":0.0,"w":0.999604344367981},"MarkingIndex":1}
{"x":41.881919860839847,"y":0.9607034921646118,"z":39.650169372558597,"rotation":{"x":-0.0010306112235412002,"y":0.9987363815307617,"z":0.023056382313370706,"w":0.04464311897754669},"MarkingIndex":0}
{"x":38.0509147644043,"y":1.4412195682525635,"z":35.5196533203125,"rotation":{"x":-0.02028917893767357,"y":0.7068156599998474,"z":0.02028917893767357,"w":0.7068157196044922},"MarkingIndex":0}
{"x":39.57666778564453,"y":1.3806016445159913,"z":35.13237762451172,"rotation":{"x":-0.02110179327428341,"y":-0.706791877746582,"z":-0.02110179327428341,"w":0.7067918181419373},"MarkingIndex":1}
{"x":31.860029220581056,"y":1.0790984630584717,"z":41.81862258911133,"rotation":{"x":0.0,"y":0.9996939301490784,"z":0.024739718064665796,"w":0.0},"MarkingIndex":0}
{"x":31.243005752563478,"y":1.1283568143844605,"z":39.991573333740237,"rotation":{"x":-0.025079453364014627,"y":-0.024169787764549257,"z":-0.0006065331399440765,"w":0.9993930459022522},"MarkingIndex":1}
{"x":16.844226837158204,"y":1.2616095542907715,"z":26.793350219726564,"rotation":{"x":-0.01564665324985981,"y":0.7069336175918579,"z":0.01564665324985981,"w":0.7069336771965027},"MarkingIndex":1}
{"x":16.916521072387697,"y":1.8871692419052125,"z":26.621347427368165,"rotation":{"x":-0.01564665324985981,"y":0.7069336175918579,"z":0.01564665324985981,"w":0.7069336771965027},"MarkingIndex":2}
{"x":13.722146987915039,"y":1.2898614406585694,"z":21.278928756713868,"rotation":{"x":-0.033880919218063357,"y":0.0,"z":0.0,"w":0.9994258880615234},"MarkingIndex":0}
{"x":10.59992504119873,"y":0.884149432182312,"z":25.294626235961915,"rotation":{"x":-0.023097965866327287,"y":0.7067294716835022,"z":0.023097965866327287,"w":0.7067294120788574},"MarkingIndex":0}
{"x":11.965523719787598,"y":1.1617528200149537,"z":28.352495193481447,"rotation":{"x":-0.016361169517040254,"y":-0.7069174647331238,"z":-0.016361169517040254,"w":0.7069174647331238},"MarkingIndex":1}
{"x":11.220457077026368,"y":1.3998072147369385,"z":21.271465301513673,"rotation":{"x":-0.033880919218063357,"y":0.0,"z":0.0,"w":0.9994258880615234},"MarkingIndex":0}
{"x":18.334915161132814,"y":1.4075589179992676,"z":20.183879852294923,"rotation":{"x":-0.02030736580491066,"y":-0.7068151235580444,"z":-0.02030736580491066,"w":0.7068151831626892},"MarkingIndex":0}
{"x":39.0184211730957,"y":1.3506324291229249,"z":17.0635986328125,"rotation":{"x":-0.02598831057548523,"y":0.0,"z":0.0,"w":0.9996622800827026},"MarkingIndex":1}
{"x":35.32278060913086,"y":1.282422423362732,"z":21.706035614013673,"rotation":{"x":-0.0196111798286438,"y":-0.7068347930908203,"z":-0.0196111798286438,"w":0.7068347930908203},