{"x":0.4130745232105255,"y":0.500999927520752,"z":1.181111216545105,"rotation":{"x":0.0,"y":0.0,"z":0.0,"w":1.0},"MarkingIndex":4}
{"x":48.01405715942383,"y":0.4007953405380249,"z":4.999609470367432,"rotation":{"x":0.0,"y":0.0,"z":0.0,"w":1.0},"MarkingIndex":4}
{"x":48.01078796386719,"y":0.28307488560676577,"z":4.999708652496338,"rotation":{"x":0.0,"y":0.0,"z":0.0,"w":1.0},"MarkingIndex":4}
{"x":48.0,"y":-0.37341374158859255,"z":5.0,"rotation":{"x":0.0,"y":0.0,"z":0.0,"w":1.0},"MarkingIndex":4}
{"x":48.05840301513672,"y":-0.09918729960918427,"z":4.996926307678223,"rotation":{"x":0.0,"y":0.0,"z":0.0,"w":1.0},"MarkingIndex":4}
{"x":48.0277099609375,"y":-0.12803079187870027,"z":4.996700763702393,"rotation":{"x":0.0,"y":0.0,"z":0.0,"w":1.0},"MarkingIndex":4}
{"x":49.606815338134769,"y":-14.719629287719727,"z":3.10011625289917,"rotation":{"x":0.0,"y":0.0,"z":0.0,"w":1.0},"MarkingIndex":4}
{"x":48.02449417114258,"y":-0.34402137994766238,"z":5.0,"rotation":{"x":0.0,"y":0.0,"z":0.0,"w":1.0},"MarkingIndex":4}
{"x":48.02341842651367,"y":-0.50611811876297,"z":4.998286247253418,"rotation":{"x":0.0,"y":0.0,"z":0.0,"w":1.0},"MarkingIndex":4}
{"x":48.00714874267578,"y":-2.628878593444824,"z":4.999059200286865,"rotation":{"x":0.0,"y":0.0,"z":0.0,"w":1.0},"MarkingIndex":4}
