
{"x":23.206052780151368,"y":1.3334311246871949,"z":7.661341667175293,"rotation":{"x":-0.017616093158721925,"y":0.7068873643875122,"z":0.017616093158721925,"w":0.7068873047828674},"MarkingIndex":1}
{"x":23.312334060668947,"y":1.207485556602478,"z":7.3528313636779789,"rotation":{"x":-0.017616093158721925,"y":0.7068873643875122,"z":0.017616093158721925,"w":0.7068873047828674},"MarkingIndex":0}{"x":32.27463150024414,"y":0.5010001063346863,"z":12.8980131149292,"rotation":{"x":0.0,"y":0.0,"z":0.0,"w":1.0},"MarkingIndex":4}
{"x":46.9356575012207,"y":0.5009999871253967,"z":5.055203437805176,"rotation":{"x":0.0,"y":0.0,"z":0.0,"w":1.0},"MarkingIndex":4}

