{"x":0.21065646409988404,"y":0.5,"z":0.9826333522796631,"rotation":{"x":-0.7071068286895752,"y":0.0,"z":0.0,"w":0.7071068286895752},"MarkingIndex":0}
{"x":0.5166633129119873,"y":0.5,"z":1.027871012687683,"rotation":{"x":-0.7071068286895752,"y":0.0,"z":0.0,"w":0.7071068286895752},"MarkingIndex":1}
{"x":0.13292483985424043,"y":1.932841420173645,"z":0.4181716740131378,"rotation":{"x":-0.48286303877830508,"y":0.22297781705856324,"z":0.12863454222679139,"w":0.8370049595832825},"MarkingIndex":1}
