{"x":0.11620747298002243,"y":0.729999840259552,"z":-0.16277536749839784,"rotation":{"x":0.0,"y":0.0,"z":0.0,"w":1.0},"MarkingIndex":4}
{"x":0.11620747298002243,"y":0.729999840259552,"z":-0.16277536749839784,"rotation":{"x":0.0,"y":0.0,"z":0.0,"w":1.0},"MarkingIndex":4}
{"x":0.11620747298002243,"y":0.729999840259552,"z":-0.16277536749839784,"rotation":{"x":0.0,"y":0.0,"z":0.0,"w":1.0},"MarkingIndex":4}
{"x":0.11620747298002243,"y":0.729999840259552,"z":-0.16277536749839784,"rotation":{"x":0.0,"y":0.0,"z":0.0,"w":1.0},"MarkingIndex":4}
{"x":0.11620747298002243,"y":0.729999840259552,"z":-0.16277536749839784,"rotation":{"x":0.0,"y":0.0,"z":0.0,"w":1.0},"MarkingIndex":4}
{"x":0.11620745062828064,"y":0.729999840259552,"z":-0.16277538239955903,"rotation":{"x":0.0,"y":0.0,"z":0.0,"w":1.0},"MarkingIndex":4}
{"x":-0.0968831330537796,"y":0.500999927520752,"z":-1.814199686050415,"rotation":{"x":0.0,"y":0.0,"z":0.0,"w":1.0},"MarkingIndex":4}
{"x":-1.0839625597000123,"y":0.5009998679161072,"z":4.670049667358398,"rotation":{"x":0.0,"y":0.0,"z":0.0,"w":1.0},"MarkingIndex":4}
{"x":-1.0563068389892579,"y":0.5009996891021729,"z":4.7371344566345219,"rotation":{"x":0.0,"y":0.0,"z":0.0,"w":1.0},"MarkingIndex":4}
{"x":-1.0237302780151368,"y":0.5009996294975281,"z":4.82676362991333,"rotation":{"x":0.0,"y":0.0,"z":0.0,"w":1.0},"MarkingIndex":4}
{"x":45.54444122314453,"y":-8.231091499328614,"z":10.226058959960938,"rotation":{"x":0.0,"y":0.0,"z":0.0,"w":1.0},"MarkingIndex":4}
{"x":45.578948974609378,"y":-8.64919376373291,"z":10.223748207092286,"rotation":{"x":0.0,"y":0.0,"z":0.0,"w":1.0},"MarkingIndex":4}
{"x":45.40156555175781,"y":1.0904276371002198,"z":4.379731178283691,"rotation":{"x":-0.02670656330883503,"y":0.004176209215074778,"z":0.00011157293192809448,"w":0.9996346235275269},"MarkingIndex":0}
{"x":42.86459732055664,"y":0.0010000000474974514,"z":12.258631706237793,"rotation":{"x":0.0,"y":0.0,"z":0.0,"w":1.0},"MarkingIndex":4}
{"x":16.870067596435548,"y":0.0010000000474974514,"z":5.159040927886963,"rotation":{"x":0.0,"y":0.0,"z":0.0,"w":1.0},"MarkingIndex":4}
{"x":20.86894416809082,"y":0.0009996126173064113,"z":40.03242492675781,"rotation":{"x":0.0,"y":0.0,"z":0.0,"w":1.0},"MarkingIndex":4}
{"x":19.5,"y":0.000999940442852676,"z":41.2400016784668,"rotation":{"x":0.0,"y":0.0,"z":0.0,"w":1.0},"MarkingIndex":4}
{"x":42.54823684692383,"y":0.0010000000474974514,"z":45.55885696411133,"rotation":{"x":0.0,"y":0.0,"z":0.0,"w":1.0},"MarkingIndex":4}
{"x":43.348201751708987,"y":0.5009999871253967,"z":43.01014709472656,"rotation":{"x":0.0,"y":0.0,"z":0.0,"w":1.0},"MarkingIndex":4}
{"x":4.973329544067383,"y":0.71753990650177,"z":5.403388977050781,"rotation":{"x":-7.239501798039783e-8,"y":0.08978886157274246,"z":6.526629015013441e-9,"w":0.9959608316421509},"MarkingIndex":0}
{"x":4.902204990386963,"y":0.946668803691864,"z":5.408350944519043,"rotation":{"x":-0.04476258531212807,"y":0.0026970196049660446,"z":0.00012084715126547962,"w":0.9989940524101257},"MarkingIndex":0}
