{"x":8.600000381469727,"y":0.4782766103744507,"z":44.400001525878909,"rotation":{"x":0.0,"y":0.0,"z":0.0,"w":1.0},"MarkingIndex":4}
{"x":8.375746726989746,"y":0.5096038579940796,"z":44.682395935058597,"rotation":{"x":0.0,"y":0.0,"z":0.0,"w":1.0},"MarkingIndex":4}
{"x":8.849842071533204,"y":0.5015054941177368,"z":44.4063835144043,"rotation":{"x":0.0,"y":0.0,"z":0.0,"w":1.0},"MarkingIndex":4}
