{"x":-0.37421080470085146,"y":0.5,"z":0.45849207043647768,"rotation":{"x":0.0,"y":0.0,"z":0.0,"w":1.0},"MarkingIndex":0}
{"x":-0.5091530084609985,"y":0.5,"z":0.7743380069732666,"rotation":{"x":0.0,"y":0.0,"z":0.0,"w":1.0},"MarkingIndex":0}
{"x":-5.289999485015869,"y":1.4892172813415528,"z":-1.8838659524917603,"rotation":{"x":0.0,"y":0.7071068286895752,"z":0.0,"w":0.7071068286895752},"MarkingIndex":0}
{"x":-5.289999961853027,"y":1.5315732955932618,"z":-0.5438689589500427,"rotation":{"x":0.0,"y":0.7071068286895752,"z":0.0,"w":0.7071068286895752},"MarkingIndex":0}
{"x":-5.190000057220459,"y":1.6041309833526612,"z":-0.0342867374420166,"rotation":{"x":0.0,"y":0.7071068286895752,"z":0.0,"w":0.7071068286895752},"MarkingIndex":0}
{"x":-5.190000057220459,"y":1.9235093593597413,"z":1.6832786798477173,"rotation":{"x":0.0,"y":0.7071068286895752,"z":0.0,"w":0.7071068286895752},"MarkingIndex":0}
{"x":-5.190000057220459,"y":2.356091260910034,"z":2.655064105987549,"rotation":{"x":0.0,"y":0.7071068286895752,"z":0.0,"w":0.7071068286895752},"MarkingIndex":0}
{"x":-5.190000057220459,"y":2.6905198097229006,"z":1.1786397695541382,"rotation":{"x":0.0,"y":0.7071068286895752,"z":0.0,"w":0.7071068286895752},"MarkingIndex":0}
{"x":-5.289999961853027,"y":2.999500274658203,"z":-1.0803929567337037,"rotation":{"x":0.0,"y":0.7071068286895752,"z":0.0,"w":0.7071068286895752},"MarkingIndex":0}
{"x":-5.289999485015869,"y":3.7777600288391115,"z":-2.9378132820129396,"rotation":{"x":0.0,"y":0.7071068286895752,"z":0.0,"w":0.7071068286895752},"MarkingIndex":0}
{"x":-2.9676260948181154,"y":1.721604824066162,"z":4.070000171661377,"rotation":{"x":0.0,"y":0.0,"z":0.0,"w":1.0},"MarkingIndex":1}
{"x":-2.151522159576416,"y":1.9286291599273682,"z":3.9700002670288088,"rotation":{"x":0.0,"y":0.0,"z":0.0,"w":1.0},"MarkingIndex":1}
{"x":-0.4395475387573242,"y":1.780367136001587,"z":3.9700002670288088,"rotation":{"x":0.0,"y":0.0,"z":0.0,"w":1.0},"MarkingIndex":1}
{"x":-1.5439722537994385,"y":1.9194684028625489,"z":3.9700002670288088,"rotation":{"x":0.0,"y":0.0,"z":0.0,"w":1.0},"MarkingIndex":1}
{"x":-2.968952178955078,"y":2.7297847270965578,"z":4.070000171661377,"rotation":{"x":0.0,"y":0.0,"z":0.0,"w":1.0},"MarkingIndex":1}
{"x":-2.6527466773986818,"y":3.1667704582214357,"z":3.9700002670288088,"rotation":{"x":0.0,"y":0.0,"z":0.0,"w":1.0},"MarkingIndex":1}
{"x":-1.3274037837982178,"y":3.405454397201538,"z":3.9700002670288088,"rotation":{"x":0.0,"y":0.0,"z":0.0,"w":1.0},"MarkingIndex":1}
{"x":-0.39128148555755618,"y":3.141655921936035,"z":3.9700002670288088,"rotation":{"x":0.0,"y":0.0,"z":0.0,"w":1.0},"MarkingIndex":1}
{"x":0.29099154472351076,"y":2.5645203590393068,"z":3.9700002670288088,"rotation":{"x":0.0,"y":0.0,"z":0.0,"w":1.0},"MarkingIndex":1}
{"x":2.457817316055298,"y":2.2988429069519045,"z":3.9700002670288088,"rotation":{"x":0.0,"y":0.0,"z":0.0,"w":1.0},"MarkingIndex":1}
{"x":2.1986052989959719,"y":1.904761791229248,"z":3.9700002670288088,"rotation":{"x":0.0,"y":0.0,"z":0.0,"w":1.0},"MarkingIndex":1}
{"x":5.549999713897705,"y":2.607166290283203,"z":2.1465463638305666,"rotation":{"x":0.0,"y":0.7071068286895752,"z":0.0,"w":0.7071068286895752},"MarkingIndex":1}
{"x":5.449999809265137,"y":2.720552921295166,"z":1.1735621690750123,"rotation":{"x":0.0,"y":0.7071068286895752,"z":0.0,"w":0.7071068286895752},"MarkingIndex":1}
{"x":5.450000286102295,"y":2.413994789123535,"z":-1.561461091041565,"rotation":{"x":0.0,"y":0.7071068286895752,"z":0.0,"w":0.7071068286895752},"MarkingIndex":1}
{"x":5.449999809265137,"y":2.219114303588867,"z":0.3596021234989166,"rotation":{"x":0.0,"y":0.7071068286895752,"z":0.0,"w":0.7071068286895752},"MarkingIndex":1}
{"x":5.549999713897705,"y":1.7845854759216309,"z":0.9903459548950195,"rotation":{"x":0.0,"y":0.7071068286895752,"z":0.0,"w":0.7071068286895752},"MarkingIndex":1}
{"x":5.549999713897705,"y":1.3883273601531983,"z":1.7906376123428345,"rotation":{"x":0.0,"y":0.7071068286895752,"z":0.0,"w":0.7071068286895752},"MarkingIndex":1}
{"x":5.450000286102295,"y":1.507035255432129,"z":-0.8705021142959595,"rotation":{"x":0.0,"y":0.7071068286895752,"z":0.0,"w":0.7071068286895752},"MarkingIndex":0}
{"x":5.450000286102295,"y":1.6407997608184815,"z":0.08824297785758972,"rotation":{"x":0.0,"y":0.7071068286895752,"z":0.0,"w":0.7071068286895752},"MarkingIndex":0}
{"x":5.549999713897705,"y":1.9898347854614258,"z":2.501652717590332,"rotation":{"x":0.0,"y":0.7071068286895752,"z":0.0,"w":0.7071068286895752},"MarkingIndex":0}
{"x":4.612714767456055,"y":2.6136460304260256,"z":3.9700002670288088,"rotation":{"x":0.0,"y":0.0,"z":0.0,"w":1.0},"MarkingIndex":0}
{"x":5.549999713897705,"y":1.6911473274230958,"z":2.7661216259002687,"rotation":{"x":0.0,"y":0.7071068286895752,"z":0.0,"w":0.7071068286895752},"MarkingIndex":0}
{"x":5.549999713897705,"y":1.6497461795806885,"z":1.6967540979385377,"rotation":{"x":0.0,"y":0.7071068286895752,"z":0.0,"w":0.7071068286895752},"MarkingIndex":0}
{"x":5.449999809265137,"y":2.5468544960021974,"z":0.5491757392883301,"rotation":{"x":0.0,"y":0.7071068286895752,"z":0.0,"w":0.7071068286895752},"MarkingIndex":1}
{"x":5.450000286102295,"y":2.8826282024383547,"z":-0.09438881278038025,"rotation":{"x":0.0,"y":0.7071068286895752,"z":0.0,"w":0.7071068286895752},"MarkingIndex":1}
{"x":5.450000286102295,"y":2.70713210105896,"z":-0.7646365761756897,"rotation":{"x":0.0,"y":0.7071068286895752,"z":0.0,"w":0.7071068286895752},"MarkingIndex":1}
{"x":5.450000286102295,"y":2.032351016998291,"z":-0.7954789996147156,"rotation":{"x":0.0,"y":0.7071068286895752,"z":0.0,"w":0.7071068286895752},"MarkingIndex":1}
{"x":5.450000286102295,"y":1.4225411415100098,"z":-0.05730205774307251,"rotation":{"x":0.0,"y":0.7071068286895752,"z":0.0,"w":0.7071068286895752},"MarkingIndex":1}
{"x":5.449999809265137,"y":1.1683011054992676,"z":1.0225764513015748,"rotation":{"x":0.0,"y":0.7071068286895752,"z":0.0,"w":0.7071068286895752},"MarkingIndex":0}
{"x":5.549999713897705,"y":1.2351453304290772,"z":2.077326774597168,"rotation":{"x":0.0,"y":0.7071068286895752,"z":0.0,"w":0.7071068286895752},"MarkingIndex":1}
{"x":5.549999713897705,"y":1.2135577201843262,"z":3.4041993618011476,"rotation":{"x":0.0,"y":0.7071068286895752,"z":0.0,"w":0.7071068286895752},"MarkingIndex":1}
{"x":5.549999713897705,"y":0.8661212921142578,"z":1.9664736986160279,"rotation":{"x":0.0,"y":0.7071068286895752,"z":0.0,"w":0.7071068286895752},"MarkingIndex":0}
{"x":5.450000286102295,"y":0.5055451393127441,"z":0.014502733945846558,"rotation":{"x":0.0,"y":0.7071068286895752,"z":0.0,"w":0.7071068286895752},"MarkingIndex":0}
{"x":4.010620594024658,"y":0.5,"z":-0.3158388137817383,"rotation":{"x":0.0,"y":0.0,"z":0.0,"w":1.0},"MarkingIndex":1}
{"x":5.549999713897705,"y":0.44856882095336916,"z":1.3714386224746705,"rotation":{"x":0.0,"y":0.7071068286895752,"z":0.0,"w":0.7071068286895752},"MarkingIndex":0}
{"x":4.036324501037598,"y":0.5,"z":2.4856767654418947,"rotation":{"x":0.0,"y":0.0,"z":0.0,"w":1.0},"MarkingIndex":1}
{"x":3.7060956954956056,"y":0.5,"z":2.3740694522857668,"rotation":{"x":0.0,"y":0.0,"z":0.0,"w":1.0},"MarkingIndex":0}
