{"x":0.4130745232105255,"y":0.500999927520752,"z":1.181111216545105,"rotation":{"x":0.0,"y":0.0,"z":0.0,"w":1.0},"MarkingIndex":4}
{"x":48.01405715942383,"y":0.4007953405380249,"z":4.999609470367432,"rotation":{"x":0.0,"y":0.0,"z":0.0,"w":1.0},"MarkingIndex":4}
{"x":48.01078796386719,"y":0.28307488560676577,"z":4.999708652496338,"rotation":{"x":0.0,"y":0.0,"z":0.0,"w":1.0},"MarkingIndex":4}
{"x":48.0,"y":-0.37341374158859255,"z":5.0,"rotation":{"x":0.0,"y":0.0,"z":0.0,"w":1.0},"MarkingIndex":4}
{"x":48.05840301513672,"y":-0.09918729960918427,"z":4.996926307678223,"rotation":{"x":0.0,"y":0.0,"z":0.0,"w":1.0},"MarkingIndex":4}
{"x":48.0277099609375,"y":-0.12803079187870027,"z":4.996700763702393,"rotation":{"x":0.0,"y":0.0,"z":0.0,"w":1.0},"MarkingIndex":4}
{"x":49.606815338134769,"y":-14.719629287719727,"z":3.10011625289917,"rotation":{"x":0.0,"y":0.0,"z":0.0,"w":1.0},"MarkingIndex":4}
{"x":48.02449417114258,"y":-0.34402137994766238,"z":5.0,"rotation":{"x":0.0,"y":0.0,"z":0.0,"w":1.0},"MarkingIndex":4}
{"x":48.02341842651367,"y":-0.50611811876297,"z":4.998286247253418,"rotation":{"x":0.0,"y":0.0,"z":0.0,"w":1.0},"MarkingIndex":4}
{"x":48.00714874267578,"y":-2.628878593444824,"z":4.999059200286865,"rotation":{"x":0.0,"y":0.0,"z":0.0,"w":1.0},"MarkingIndex":4}
{"x":25.592275619506837,"y":-1.9816476106643677,"z":23.52468490600586,"rotation":{"x":0.0,"y":0.0,"z":0.0,"w":1.0},"MarkingIndex":4}
{"x":26.739999771118165,"y":-0.5107001662254334,"z":22.309999465942384,"rotation":{"x":0.0,"y":0.0,"z":0.0,"w":1.0},"MarkingIndex":4}
{"x":27.31277084350586,"y":-1.2702313661575318,"z":22.36297607421875,"rotation":{"x":0.0,"y":0.0,"z":0.0,"w":1.0},"MarkingIndex":4}
{"x":20.360000610351564,"y":0.7277666926383972,"z":22.43000030517578,"rotation":{"x":0.0,"y":0.0,"z":0.0,"w":1.0},"MarkingIndex":4}
{"x":21.030000686645509,"y":0.5472632050514221,"z":22.479999542236329,"rotation":{"x":0.0,"y":0.0,"z":0.0,"w":1.0},"MarkingIndex":4}
{"x":25.694189071655275,"y":-1.2308558225631714,"z":23.080516815185548,"rotation":{"x":0.0,"y":0.0,"z":0.0,"w":1.0},"MarkingIndex":4}
{"x":25.760000228881837,"y":-1.4382692575454713,"z":22.860000610351564,"rotation":{"x":0.0,"y":0.0,"z":0.0,"w":1.0},"MarkingIndex":4}
{"x":25.545324325561525,"y":-1.392835021018982,"z":22.682920455932618,"rotation":{"x":0.0,"y":0.0,"z":0.0,"w":1.0},"MarkingIndex":4}
{"x":25.34907341003418,"y":-1.5574675798416138,"z":22.518293380737306,"rotation":{"x":0.0,"y":0.0,"z":0.0,"w":1.0},"MarkingIndex":4}
{"x":25.3062686920166,"y":-1.5105534791946412,"z":22.188371658325197,"rotation":{"x":0.0,"y":0.0,"z":0.0,"w":1.0},"MarkingIndex":4}
{"x":24.906139373779298,"y":-1.557651400566101,"z":21.841047286987306,"rotation":{"x":0.0,"y":0.0,"z":0.0,"w":1.0},"MarkingIndex":4}
{"x":24.90403938293457,"y":-1.6008051633834839,"z":21.801490783691408,"rotation":{"x":0.0,"y":0.0,"z":0.0,"w":1.0},"MarkingIndex":4}
{"x":26.011629104614259,"y":-1.6511250734329224,"z":22.025415420532228,"rotation":{"x":0.0,"y":0.0,"z":0.0,"w":1.0},"MarkingIndex":4}
{"x":26.107789993286134,"y":-1.6400448083877564,"z":22.034189224243165,"rotation":{"x":0.0,"y":0.0,"z":0.0,"w":1.0},"MarkingIndex":4}
{"x":24.775882720947267,"y":-1.6439701318740845,"z":21.72321319580078,"rotation":{"x":0.0,"y":0.0,"z":0.0,"w":1.0},"MarkingIndex":4}
{"x":25.167301177978517,"y":-1.6635907888412476,"z":21.769611358642579,"rotation":{"x":0.0,"y":0.0,"z":0.0,"w":1.0},"MarkingIndex":4}
{"x":26.467561721801759,"y":-1.6832109689712525,"z":21.714969635009767,"rotation":{"x":0.0,"y":0.0,"z":0.0,"w":1.0},"MarkingIndex":4}
{"x":24.496156692504884,"y":-1.6910568475723267,"z":21.381277084350587,"rotation":{"x":0.0,"y":0.0,"z":0.0,"w":1.0},"MarkingIndex":4}
{"x":25.34151268005371,"y":-1.7028356790542603,"z":21.75109100341797,"rotation":{"x":0.0,"y":0.0,"z":0.0,"w":1.0},"MarkingIndex":4}
{"x":26.288238525390626,"y":-1.722452998161316,"z":21.851276397705079,"rotation":{"x":0.0,"y":0.0,"z":0.0,"w":1.0},"MarkingIndex":4}
{"x":25.04468536376953,"y":-0.24644078314304353,"z":21.551816940307618,"rotation":{"x":0.0,"y":0.0,"z":0.0,"w":1.0},"MarkingIndex":4}
{"x":25.0749454498291,"y":1.0507794618606568,"z":22.122121810913087,"rotation":{"x":0.0,"y":0.0,"z":0.0,"w":1.0},"MarkingIndex":4}
{"x":25.107534408569337,"y":1.0509973764419556,"z":21.91073226928711,"rotation":{"x":0.0,"y":0.0,"z":0.0,"w":1.0},"MarkingIndex":4}
{"x":24.1363468170166,"y":1.0508408546447755,"z":21.874055862426759,"rotation":{"x":0.0,"y":0.0,"z":0.0,"w":1.0},"MarkingIndex":4}
{"x":24.903228759765626,"y":1.0509968996047974,"z":22.195648193359376,"rotation":{"x":0.0,"y":0.0,"z":0.0,"w":1.0},"MarkingIndex":4}
{"x":26.004013061523439,"y":1.0508418083190919,"z":22.3257999420166,"rotation":{"x":0.0,"y":0.0,"z":0.0,"w":1.0},"MarkingIndex":4}
{"x":24.91763687133789,"y":1.0508098602294922,"z":22.076913833618165,"rotation":{"x":0.0,"y":0.0,"z":0.0,"w":1.0},"MarkingIndex":4}
{"x":25.09019660949707,"y":1.050995945930481,"z":22.37923240661621,"rotation":{"x":0.0,"y":0.0,"z":0.0,"w":1.0},"MarkingIndex":4}
{"x":26.33534812927246,"y":1.05081045627594,"z":22.3072452545166,"rotation":{"x":0.0,"y":0.0,"z":0.0,"w":1.0},"MarkingIndex":4}
{"x":25.307933807373048,"y":1.0509966611862183,"z":22.075958251953126,"rotation":{"x":0.0,"y":0.0,"z":0.0,"w":1.0},"MarkingIndex":4}
{"x":24.701908111572267,"y":1.0509989261627198,"z":22.205034255981447,"rotation":{"x":0.0,"y":0.0,"z":0.0,"w":1.0},"MarkingIndex":4}
{"x":25.680294036865236,"y":1.0508114099502564,"z":22.803455352783204,"rotation":{"x":0.0,"y":0.0,"z":0.0,"w":1.0},"MarkingIndex":4}
{"x":25.206462860107423,"y":1.0507782697677613,"z":22.622556686401368,"rotation":{"x":0.0,"y":0.0,"z":0.0,"w":1.0},"MarkingIndex":4}
{"x":25.442880630493165,"y":1.0506542921066285,"z":22.853633880615236,"rotation":{"x":0.0,"y":0.0,"z":0.0,"w":1.0},"MarkingIndex":4}
{"x":24.97525978088379,"y":1.050496220588684,"z":22.674640655517579,"rotation":{"x":0.0,"y":0.0,"z":0.0,"w":1.0},"MarkingIndex":4}
{"x":25.134859085083009,"y":1.02419114112854,"z":22.918624877929689,"rotation":{"x":0.0,"y":0.0,"z":0.0,"w":1.0},"MarkingIndex":4}
{"x":25.496944427490236,"y":1.0502142906188965,"z":23.061460494995118,"rotation":{"x":0.0,"y":0.0,"z":0.0,"w":1.0},"MarkingIndex":4}
{"x":25.02817153930664,"y":1.050182580947876,"z":22.78914451599121,"rotation":{"x":0.0,"y":0.0,"z":0.0,"w":1.0},"MarkingIndex":4}
{"x":24.86854362487793,"y":1.0297329425811768,"z":23.540122985839845,"rotation":{"x":0.0,"y":0.0,"z":0.0,"w":1.0},"MarkingIndex":4}
{"x":25.114402770996095,"y":0.9944177269935608,"z":23.406986236572267,"rotation":{"x":0.0,"y":0.0,"z":0.0,"w":1.0},"MarkingIndex":4}
{"x":25.51600456237793,"y":0.8780294060707092,"z":23.50334930419922,"rotation":{"x":0.0,"y":0.0,"z":0.0,"w":1.0},"MarkingIndex":4}
{"x":24.853727340698243,"y":0.9551776051521301,"z":23.349018096923829,"rotation":{"x":0.0,"y":0.0,"z":0.0,"w":1.0},"MarkingIndex":4}
{"x":25.3220272064209,"y":0.8995899558067322,"z":23.541677474975587,"rotation":{"x":0.0,"y":0.0,"z":0.0,"w":1.0},"MarkingIndex":4}
{"x":25.707592010498048,"y":0.8884678483009338,"z":23.36874008178711,"rotation":{"x":0.0,"y":0.0,"z":0.0,"w":1.0},"MarkingIndex":4}
{"x":23.83372688293457,"y":0.884538471698761,"z":23.071914672851564,"rotation":{"x":0.0,"y":0.0,"z":0.0,"w":1.0},"MarkingIndex":4}
{"x":27.090774536132814,"y":0.6042811274528503,"z":23.940677642822267,"rotation":{"x":0.0,"y":0.0,"z":0.0,"w":1.0},"MarkingIndex":4}
{"x":4.686103820800781,"y":0.5933278799057007,"z":39.52000045776367,"rotation":{"x":0.0,"y":0.0,"z":0.0,"w":1.0},"MarkingIndex":4}
{"x":13.079999923706055,"y":0.5094417333602905,"z":22.010000228881837,"rotation":{"x":0.0,"y":0.0,"z":0.0,"w":1.0},"MarkingIndex":4}
{"x":27.05698013305664,"y":0.9264311194419861,"z":11.628715515136719,"rotation":{"x":0.0,"y":0.0,"z":0.0,"w":1.0},"MarkingIndex":4}
{"x":42.41334533691406,"y":1.019058346748352,"z":11.888772964477539,"rotation":{"x":0.0,"y":0.0,"z":0.0,"w":1.0},"MarkingIndex":4}
{"x":32.793094635009769,"y":-0.9312127232551575,"z":13.352932929992676,"rotation":{"x":0.0,"y":0.0,